-- phpMyAdmin SQL Dump
-- version 5.1.2
-- https://www.phpmyadmin.net/
--
-- ホスト: localhost
-- 生成日時: 2022-02-10 06:47:11
-- サーバのバージョン： 10.4.22-MariaDB
-- PHP のバージョン: 8.0.15

SET SQL_MODE = "NO_AUTO_VALUE_ON_ZERO";
START TRANSACTION;
SET time_zone = "+00:00";


/*!40101 SET @OLD_CHARACTER_SET_CLIENT=@@CHARACTER_SET_CLIENT */;
/*!40101 SET @OLD_CHARACTER_SET_RESULTS=@@CHARACTER_SET_RESULTS */;
/*!40101 SET @OLD_COLLATION_CONNECTION=@@COLLATION_CONNECTION */;
/*!40101 SET NAMES utf8mb4 */;

--
-- データベース: `laa1202786-admin`
--

-- --------------------------------------------------------

--
-- テーブルの構造 `animes`
--

DROP TABLE IF EXISTS `animes`;
CREATE TABLE `animes` (
  `anime_id` bigint(20) NOT NULL,
  `anime_title` varchar(255) NOT NULL,
  `anime_author` bigint(20) NOT NULL,
  `anime_image` varchar(255) NOT NULL,
  `anime_description` varchar(255) NOT NULL,
  `anime_startday` date NOT NULL,
  `anime_hp` varchar(255) NOT NULL
) ENGINE=InnoDB DEFAULT CHARSET=utf8;

--
-- テーブルのデータのダンプ `animes`
--

INSERT INTO `animes` (`anime_id`, `anime_title`, `anime_author`, `anime_image`, `anime_description`, `anime_startday`, `anime_hp`) VALUES
(1, 'ご注文はうさぎですか？', 1, '01.jpg', '高校入学を機に「木組みの家と石畳の街」に引っ越してきたココア。下宿先を探しつつ休憩がてら喫茶店に入ると、偶然にもそこが自分の下宿先ラビットハウスであった。ココアは、お世話になる家に奉仕をするという高校の方針により、ラビットハウスの店員として、そしてラビットハウスの一人娘であるチノの“自称”姉として働くことになるのであった。', '2012-02-27', 'https://gochiusa.com/bloom/'),
(2, 'きんいろモザイク', 2, '02.jpg', 'イギリス・コッツウォルズでホームステイをしていた大宮忍に、帰国からしばらく経った高校1年生のある日1通のエアメールが届く。差出人はイギリスで出会った少女、アリス・カータレット。なんと今度はアリスが日本に来るという。アリスと忍、クラスメイトの小路綾と猪熊陽子、さらにアリスを追ってイギリスから留学してきたもう1人の金髪少女九条カレンも加わり、5人は金色に輝く日々を過ごしていく。', '2011-03-26', 'http://www.kinmosa.com/series/'),
(3, '恋する小惑星', 3, '03.jpg', '幼いころ、町のキャンプに参加していた木ノ幡みらはアオと名乗る同じ年頃の子に出会う。ボーイッシュな外見のアオを男の子だと勘違いしたみらは、二人で星空を見ているうちに、自分と同じ名前の星があること、アオという名前の星がないことを知り、いつか二人で新しい小惑星を発見し、その星にアオの名前をつけるという約束を交わして別れる。', '2018-03-27', 'http://koiastv.com/'),
(4, 'こみっくがーるず', 4, '04.jpg', '萌田薫子(P.N.かおす)15歳。職業高校生、そして4コマまんが家！まんが家専用の女子寮に引っ越してきた彼女は、同室の少女まんが家の小夢やTLまんが家の琉姫、少年まんが家の翼といった仲間に囲まれて、今日も楽しくネームにペン入れ、仕上げ作業に徹夜作業！かわいくて面白い、まんが家寮生活が始まります！', '2015-05-12', 'http://comic-girls.com/'),
(5, 'ゆるキャン△', 5, '05.jpg', '富士山が見える湖畔で、一人キャンプをする女の子、リン。 一人自転車に乗り、富士山を見にきた女の子、なでしこ。 二人でカップラーメンを食べて見た景色は……。', '2015-11-12', 'https://yurucamp.jp/'),
(6, 'スロウスタート', 6, '06.jpg', '中学3年生の一之瀬花名は高校入試の前日におたふく風邪に罹患して受験できなかったことから進学できず、中学浪人になってしまう。中学卒業から1年後、花名は自分を知る者が誰もいない「長乃県爽井沢」の星尾女子高校に進学し、花名の事情を知る従姉の京塚志温が管理人をしているアパートてまりハイツで一人暮らししつつ、浪人していたことを秘密にしたまま1年生から入学し高校生活をスタートさせるのだった。', '2014-09-11', 'https://slow-start.com/'),
(7, 'ブレンド・S', 7, '07.jpg', 'ツンデレ・妹などなど、店員さんのいろんな「属性」が楽しめる喫茶店で、新人アルバイトの苺香（まいか）が店長にリクエストされたのはなんと「ドＳ」キャラ!?一生懸命働くうちに、意外と「ドＳ」の才能が開花してしまい…。\n踏まれたって全部がご褒美、倒錯的ワーキングコメディ！', '2015-02-11', 'https://blend-s.jp/'),
(8, 'NEW GAME!!', 8, '08.jpg', '高校を卒業して、幼いころに夢中になって遊んでいたゲームを作った制作会社「イーグルジャンプ」へ入社した青葉は、そこでそのゲームのキャラクターデザイナーを務めていた八神コウと出会う。憧れの人の下で働くことになった青葉は、初めてのお仕事に戸惑いながらも、コウを始め個性的な先輩社員に助けられながら少しずつ成長していく。ゲーム会社で働く女の子たちの日常を描いたお仕事ガールズコメディが今、幕を開ける！', '2014-03-14', 'http://newgame-anime.com/'),
(9, 'Aチャンネル', 9, '09.jpg', 'トオルは、るんのことが大好きで彼女が通う高校を受験する。合格したことを一番にるんに伝えようと彼女の部屋にやってくると、そこには、るんと見知らぬ女の子と抱き合っているが…。スーパー天然娘なるん、るんが大好きなトオル、冷静な(?)ツッコミ役のナギ、 怖がりでいじられ役ユー子、4人のゆるゆるとしたハイスクールライフがはじまる！', '2009-12-26', 'https://www.a-ch.jp/'),
(10, 'ひだまりスケッチ', 10, '10.jpg', '今日もいい天気です♪洗濯物を干してたら、ちゃんがいきなりお部屋に飛び込んできて、沙英さんの部屋がにぎやかだから気になるって言うんです。それで宮ちゃんと一緒にこっそり聞き耳をたててたら、沙英さんたちに怒られちゃいました。同じ班のみなさんと修学旅行の行動予定を決めてたそうです。行き先は北海道！いいなあ北海道……最強のじゃがバターが食べられるんだろうなあ……。', '2005-10-27', 'https://www.tbs.co.jp/anime/hidamari/'),
(11, 'ゆゆ式', 11, '11.jpg', '大の仲良しである野々原ゆずこ、櫟井唯、日向縁の3人組は、高校生になっても変わらず友情をはぐくんでいた。その3人は、通っている女子高校に「情報処理部」という部活動があることを知り、そこに参加する。3人が行う情報処理部の活動内容とは、パソコン2台とホワイトボード1台の部室で気になった単語をインターネットで検索し、それで得た情報や知識を題材にしたとりとめのない雑談から得られた彼女たちなりの教訓を、ホワイトボードに記入するというもの。部活動のほかにも、優しい教師との触れ合い、新しい友人たちとの出会いなどを通じ、3', '2009-03-26', 'https://www.yuyushiki.net/'),
(12, 'まちカドまぞく', 12, '12.jpg', 'ある朝突然闇の力に目覚めた女子高生・吉田優子は一族にかけられた呪いを解くため魔法少女を倒すことになってしまった！！だけど相手は命の恩人！？そもそも全く勝てそうにない！？ポンコツ系庶民派まぞくとクール系筋トレ魔法少女が織りなす日常系マジカルコメディーはじまります！！！', '2015-11-27', 'https://www.tbs.co.jp/anime/machikado/1st/'),
(13, 'GA芸術科アートデザインクラス', 13, '13.jpg', '彩井高等学校の芸術家アートデザインクラス「GA」。そこに通う女の子たちは、熱血漢のパワフル少女からフシギ優等生、天然系まで揃っている個性派揃い。デッサンひとつでお祭り騒ぎの彼女たちを眺めているだけで、絵画やデザインの専門知識まで身についちゃうかも！？美術ネタ満載の大賑わいのハートフルコメディ！', '2006-10-12', 'https://mv.avex.jp/ga/'),
(14, 'あっちこっち', 14, '14.jpg', '素直になれないツンネコ娘・つみきと、乙女心には鈍感な朴念仁・伊御。いつもつかず離れずイイ感じなふたりだけど・・・・・・この恋はまだまだ始まらない！？', '2007-11-11', 'https://www.tbs.co.jp/anime/ackc/'),
(15, '星屑テレパス', 15, '15.jpg', '藤野岬高校1年の小ノ星海果は、他人と上手くコミュニケーションを取れない自身の性格にコンプレックスを抱えており、もはや地球上では自分は理解されない、ならば宇宙に行って居場所を見つけようと考えていた。そんなある日、海果は自らを宇宙人と名乗る謎の新入生 明内ユウと出会う。宇宙に行きたい海果と宇宙に帰りたいユウは、自分たちの手でロケットを製作することを目標とする。その後、副学級委員長の宝木遥乃、不登校気味のメカニック 雷門瞬とともにロケット研究同好会を結成し、海果たちの夢は少しずつ宇宙へと近づいていく。', '2020-08-11', ''),
(16, 'がっこうぐらし！', 16, '16.jpg', '学校に寝泊まりする”学園生活部”の４名、ムードメーカーのゆき、シャベルを愛する(?)くるみ、皆をまとめるりーさん、しっかり者の後輩みーくん。おっとりとした顧問のめぐねえに見守られながら、朝ごはんに乾パンを食べたり、屋上の菜園でプチトマトを収穫したり、部屋から逃げ出した犬”太郎丸”を追って学校中を走りまわった……時に大変なこともあるけれど、それ以上に楽しさがあふれている、みんなと一緒に暮らす日々彼女たち”学園生活部”は、今日も元気いっぱい活動中！「わたしたちはここにいます」', '2012-12-12', 'https://gakkougurashi.com/'),
(17, 'アニマエール!', 17, '17.jpg', '人の力になることが大好きな「鳩谷こはね」は、中学の終わりに出会ったチアに魅了され、高校で経験者の有馬ひづめや幼馴染の猿渡宇希と共にチア同好会を立ち上げる。ポジティブで一生懸命な彼女たちのチアは今日も誰かを元気づける！！', '2017-03-14', 'http://animayell.com/'),
(18, 'あんハピ♪', 18, '18.jpg', '〝負の業〟すなわち不幸を背負った生徒たちが集められたクラス、天之御船学園1年7組に入学した、不運の花小泉杏（はなこ）、悲恋の雲雀丘瑠璃（ヒバリ）、不健康の久米川牡丹（ぼたん）、方向オンチの萩生響（ヒビキ）、女難の江古田蓮（レン）。「しあわせ」になるべく高校生活を送ることになるが――', '2013-07-12', 'https://anne-happy.com/'),
(19, 'うらら迷路帖', 19, '19.jpg', '占いの町・迷路町。ここは不思議な力を操り、人々に道を示す『うらら』と呼ばれる占師が集まる町。そこにやってきた千矢は、山育ちで動物に好かれるけれど、一般常識のない女の子なのでした。そんな彼女は紺と小梅という同い年の少女に出会います。2人は千矢と同じく棗屋という占い処への招待状を持っていました。それはもちろん、占いを学ぶため。棗屋の人見知りな妹ノノも加えて、4人の生活が始まります。占の都の迷路帖。『うらら』を目指す少女たちの日々。これより開幕です。', '2015-01-27', 'https://www.tbs.co.jp/anime/urara/'),
(20, 'おちこぼれフルーツタルト', 20, '20.jpg', 'アイドルを志して上京してきた高校一年生・桜衣乃は、ネズミ荘の住民の売れない(元)子役のロコやミュージシャンのはゆ、モデルの仁菜とともに、新人アイドルユニット「フルーツタルト」を結成！取り壊しの危機に瀕するネズミ荘を救うため、芸能界の落ちこぼれ達がアイドル活動に七転び八起き！', '2016-05-12', 'http://ochifuru-anime.com/'),
(21, 'キルミーベイベー', 21, '21.jpg', 'ごく普通に学校に通う殺し屋ソーニャ。そんなソーニャに自らの危険をかえりみず、いつもまとわりつくおバカなやすな。時々忍者のあぎりも登場して……。やすなとソーニャの二人を中心に、可愛らしい絵柄からは想像できないちょっぴりバイオレンスな日常が繰り広げられる！はたして仲が良いのか悪いのか？ 今日もやすなが煽ってソーニャがキレる！', '2009-02-11', 'https://www.tbs.co.jp/anime/kmb/'),
(22, 'その他複数', 22, '', '', '0000-00-00', '');

-- --------------------------------------------------------

--
-- テーブルの構造 `authors`
--

DROP TABLE IF EXISTS `authors`;
CREATE TABLE `authors` (
  `author_id` bigint(20) NOT NULL,
  `author_name` varchar(255) NOT NULL,
  `author_twitter` varchar(255) NOT NULL
) ENGINE=InnoDB DEFAULT CHARSET=utf8;

--
-- テーブルのデータのダンプ `authors`
--

INSERT INTO `authors` (`author_id`, `author_name`, `author_twitter`) VALUES
(1, 'koi', ''),
(2, '原悠衣', 'https://twitter.com/_harayui'),
(3, 'Quro', 'https://twitter.com/uoaaaoi'),
(4, 'はんざわかおり', 'https://twitter.com/hankao42'),
(5, 'あｆろ', 'https://twitter.com/afro_2021'),
(6, '篤見唯子', 'https://twitter.com/1093yuiko'),
(7, '中山幸', 'https://twitter.com/okmgmk'),
(8, '得能正太郎', 'https://twitter.com/tokutaro'),
(9, '黒田bb', 'https://twitter.com/bbkuroda'),
(10, '蒼樹うめ', 'https://twitter.com/umeaoki'),
(11, '三上小又', 'https://twitter.com/mikamikomata'),
(12, '伊藤いづも', 'https://twitter.com/izumo_ito'),
(13, 'きゆづきさとこ', ''),
(14, '異識', 'https://twitter.com/ishiki0'),
(15, '大熊らすこ', ''),
(16, '海法紀光', 'https://twitter.com/nk12'),
(17, '卯花つかさ', 'https://twitter.com/unotsuka'),
(18, '琴慈', 'https://twitter.com/cotoji_69'),
(19, 'はりかも', ''),
(20, '浜弓場双', 'https://twitter.com/sou_hmymb'),
(21, 'カヅホ', 'https://twitter.com/kaduho'),
(22, 'その他複数', '');

-- --------------------------------------------------------

--
-- テーブルの構造 `carts`
--

DROP TABLE IF EXISTS `carts`;
CREATE TABLE `carts` (
  `id` bigint(20) UNSIGNED NOT NULL,
  `user_id` bigint(20) UNSIGNED NOT NULL,
  `item_id` bigint(20) UNSIGNED NOT NULL,
  `item_quantity` int(10) UNSIGNED NOT NULL,
  `cart_id` bigint(20) UNSIGNED NOT NULL,
  `buy_flg` tinyint(1) NOT NULL DEFAULT 0
) ENGINE=InnoDB DEFAULT CHARSET=utf8;

-- --------------------------------------------------------

--
-- テーブルの構造 `categories`
--

DROP TABLE IF EXISTS `categories`;
CREATE TABLE `categories` (
  `category_id` bigint(20) NOT NULL,
  `category_name` varchar(255) NOT NULL
) ENGINE=InnoDB DEFAULT CHARSET=utf8;

--
-- テーブルのデータのダンプ `categories`
--

INSERT INTO `categories` (`category_id`, `category_name`) VALUES
(1, 'ポーチ・バッグ'),
(2, 'アクセサリー'),
(3, 'フィギュア'),
(4, 'キーホルダー'),
(5, 'バッジ'),
(6, 'ぬいぐるみ・人形'),
(7, 'クリアファイル'),
(8, '服・タオル'),
(9, '文房具'),
(10, '食器類'),
(11, '本'),
(12, 'その他');

-- --------------------------------------------------------

--
-- テーブルの構造 `favorites`
--

DROP TABLE IF EXISTS `favorites`;
CREATE TABLE `favorites` (
  `id` bigint(20) NOT NULL,
  `user_id` bigint(20) NOT NULL,
  `post_id` int(11) NOT NULL
) ENGINE=InnoDB DEFAULT CHARSET=utf8;

-- --------------------------------------------------------

--
-- テーブルの構造 `items`
--

DROP TABLE IF EXISTS `items`;
CREATE TABLE `items` (
  `item_id` bigint(20) NOT NULL,
  `item_name` varchar(255) NOT NULL,
  `item_image` varchar(255) NOT NULL,
  `anime_title` varchar(255) NOT NULL,
  `category_id` int(11) NOT NULL,
  `item_price` bigint(20) NOT NULL,
  `item_stock` bigint(20) NOT NULL,
  `item_description` varchar(255) NOT NULL,
  `created_at` datetime NOT NULL DEFAULT current_timestamp(),
  `updated_at` datetime NOT NULL DEFAULT current_timestamp()
) ENGINE=InnoDB DEFAULT CHARSET=utf8;

--
-- テーブルのデータのダンプ `items`
--

INSERT INTO `items` (`item_id`, `item_name`, `item_image`, `anime_title`, `category_id`, `item_price`, `item_stock`, `item_description`, `created_at`, `updated_at`) VALUES
(1, 'A4クリアファイル', '01.jpg', 'その他複数', 7, 400, 10, 'スタンダードアイテムとして展開中のクリアファイル。そのラインナップに、今年リニューアルされた新たな「メインビジュアル」が登場！ロゴも名古屋仕様なので、名古屋展のお土産としてばっちりのアイテムです。', '2021-11-05 13:16:59', '2021-11-05 13:16:59'),
(2, '2022年壁掛け＆卓上マルチカレンダー', '02.jpg', 'その他複数', 12, 1800, 5, '大阪・新潟展で販売したカレンダーが装い新たに今回も登場！壁掛けでも卓上でも使えるコンパクト・マルチなカレンダーです。名古屋展描き下ろし作品を中心に収録作品もまた変わっています！', '2021-11-05 13:26:55', '2021-11-05 13:26:55'),
(3, '等身大タペストリー', '05.jpg', 'まちカドまぞく', 12, 8000, 5, 'メインビジュアルグッズの一つ、ビッグサイズロングタペストリーにも新たにシャミ子が参戦！今回も（ほぼ）等身大で製作していますので、飾るだけであなたのお部屋にシャミ子がリアルに現れます。', '2021-11-05 13:34:33', '2021-11-05 13:34:33'),
(4, '闇堕ち千代田桃アクリルスタンド', '06.jpg', 'まちカドまぞく', 3, 1500, 50, '新潟展にて「やみおちうちわ」として描き下ろされた桃のイラストは、実は全身が描かれておりました。あらためて名古屋展にて、その凛々しい桃の姿を全て楽しめるアクリルスタンドが登場です！シャミ子とミカンのパーツもついてます。', '2021-11-05 13:37:02', '2021-11-05 13:37:02'),
(5, 'ロケット研究同好会ボトルホルダー＆キーホルダーセット', '07.jpg', '星屑テレパス', 12, 3000, 10, '「星屑テレパス」より、ロケット研究同好会の４人が可愛くデフォルメされた描き下ろしイラストと、ユウがロケットに書いたサインを一緒にデザインした、ペットボトルが入るボトルホルダーと厚手のアクリルキーホルダーのセットです！二つはセットでも別々にしても使えるようになっています。', '2021-11-05 13:37:58', '2021-11-05 15:07:15'),
(6, '缶バッジ ver1.1', '03.jpg', 'その他複数', 2, 300, 50, 'メインビジュアルリニューアルに合わせ、缶バッジもリニューアル！全32種にラインナップを変更し、更に新たなデザインに模様替えしました。', '2021-11-05 15:08:17', '2022-01-27 18:26:12'),
(7, 'アクリルスタンドフィギュア', '04.jpg', 'その他複数', 3, 1200, 5, 'これまで販売していたアクリルスタンドに、今年新たにメインビジュアルに加わった4キャラクターが仲間入り！台座などのフォーマットはこれまでと同じものとなりますので、好きな作品で並べる楽しさ、集める楽しさが増しました！', '2021-11-05 15:12:46', '2021-11-05 15:12:46'),
(8, 'ご注文はうさぎですかコミックス1', 'ご注文はうさぎですかコミックス1.jpg', 'ご注文はうさぎですか？', 11, 900, 30, '', '2022-01-27 16:45:54', '2022-01-27 16:45:54'),
(9, 'ご注文はうさぎですかコミックス2', 'ご注文はうさぎですかコミックス2.jpg', 'ご注文はうさぎですか？', 11, 900, 30, '', '2022-01-27 16:45:54', '2022-01-27 16:45:54'),
(10, 'ブレンド・S カンバッジセット 彼シャツver.', '09.jpg,09_s1.jpg,09_s2.jpg,09_s3.jpg', 'ブレンド・S', 2, 1320, 20, 'ブレンド・S から、カンバッジセットが登場！', '2022-01-27 18:26:27', '2022-01-27 18:26:27'),
(11, 'ブレンド・S デカアクリルスタンド 彼シャツver. 星川 麻冬', 'dadfj.jpg,dadfj_s1.jpg', 'ブレンド・S', 3, 1980, 5, 'ブレンド・S から、デカアクリルスタンドが登場！', '2022-01-27 19:21:42', '2022-01-27 19:21:42'),
(12, '【グッズ-マット】NEW GAME!! ラバーマット(水着)', 'new01.jpg', 'NEW GAME!!', 12, 3300, 11, 'サイズ：長辺約60cm×短辺約35cm 厚さ2mm\r\n素材：表面ポリエステル、裏面ラバー素材\r\n\r\n発売元：カーテン魂\r\n販売元：キース', '2022-01-27 19:54:42', '2022-01-27 20:01:46'),
(13, '【グッズ-バッチ】NEW GAME!! 缶バッジ 01 パジャマver. ブラインド(ミニキャラ)　', 'new02.jpg', 'NEW GAME!!', 5, 528, 30, 'サイズ：65mm\r\n素材：金属、紙/フィルム\r\n\r\n全7種(1BOX 7パック入り)\r\n※BOX販売商品になります。', '2022-01-27 23:35:27', '2022-01-27 23:35:27'),
(14, '【グッズ-タペストリー】NEW GAME! 描き下ろし等身大タペストリー (1)涼風 青葉', 'new03.jpg', 'NEW GAME!!', 12, 7700, 3, 'サイズ：約H1720mm×W700mm\r\n素材：ポリエステルスエード', '2022-01-27 23:39:39', '2022-01-27 23:39:39'),
(15, '【グッズ-タペストリー】NEW GAME! 描き下ろし等身大タペストリー (2)滝本 ひふみ', 'new04.jpg', 'NEW GAME!!', 12, 7700, 12, 'サイズ:H約1750mm×W約700mm\r\n仕様:ポリエステルスエード', '2022-01-28 00:42:20', '2022-01-28 00:42:20'),
(16, '【グッズ-タペストリー】NEW GAME! 描き下ろしB2タペストリー (1)涼風 青葉', 'new05.jpg', 'NEW GAME!!', 12, 3850, 3, 'サイズ：約H728mm×W515mm\r\n素材：ポリエステルスエード', '2022-01-28 00:43:30', '2022-01-28 00:43:30'),
(17, '【グッズ-タペストリー】NEW GAME! 描き下ろしB2タペストリー (2)滝本 ひふみ', 'new06.jpg', 'NEW GAME!!', 12, 3850, 4, 'サイズ：約H728mm×W515mm\r\n素材：ポリエステルスエード', '2022-01-28 00:44:35', '2022-01-28 00:44:35'),
(18, '【グッズ-スタンドポップ】NEW GAME! 描き下ろしBIGアクリルスタンド (1)涼風 青葉', 'new07.jpg', 'NEW GAME!!', 12, 1650, 8, '【サイズ】\r\n本体：約H160mm×W100mm\r\n台座：約H68mm×W68mm\r\n\r\n【素材】\r\nアクリル', '2022-01-28 00:47:12', '2022-01-28 00:47:12'),
(19, '【グッズ-スタンドポップ】NEW GAME! 描き下ろしBIGアクリルスタンド (2)滝本 ひふみ', 'new08.jpg', 'NEW GAME!!', 12, 1650, 2, '【サイズ】\r\n本体：約H160mm×W100mm\r\n台座：約H68mm×W68mm\r\n\r\n【素材】\r\nアクリル', '2022-01-28 00:48:34', '2022-01-28 00:48:34'),
(20, '【グッズ-タペストリー】NEW GAME! B2タペストリー', 'new09.jpg', 'NEW GAME!!', 12, 3850, 1, 'サイズ：約H515mm×W728mm\r\n素材：ポリエステルスエード', '2022-01-28 00:49:37', '2022-01-28 00:49:37'),
(21, '【グッズ-キーホルダー】NEW GAME! アクリルキーホルダーコレクション', 'new10.jpg', 'NEW GAME!!', 4, 660, 12, 'サイズ：約H60mm×W60mm以内\r\n素材：金属、アクリル\r\n\r\n全8種（1BOX　8個入り）\r\n※BOX販売商品になります。\r\n※1BOXでコンプリート出来ます。', '2022-01-28 00:50:40', '2022-01-28 00:50:40'),
(22, '【Blu-ray】TV がっこうぐらし!Blu-ray BOX 初回限定生産', 'gakkkou01.jpg', 'がっこうぐらし！', 12, 26400, 6, '&lt;初回限定生産特典&gt;\r\n千葉サドル描き下ろしボックス\r\n特製ブックレットに朗読劇原稿(2016年2月6日開催スペシャルイベント版)を収録\r\n\r\n●映像特典\r\nノンテロップOP&amp;ED\r\n「ハロウィンかれらパーティー」(2016年10月22日開催)ダイジェスト映像(出演:高橋李依/木村珠莉)\r\n\r\n●キャストコメンタリー\r\n第1話:水瀬いのり/茅野愛衣\r\n第3話:小澤亜李/M・A・O\r\n第5話:水瀬いのり/高橋李依\r\n第8話:M・A・O/高橋李依\r\n第9話:小澤亜李/茅野愛衣\r\n第11話:', '2022-01-28 01:00:19', '2022-01-28 01:00:19'),
(23, '【DJCD】ラジオCD がっこうぐらし! こちらGSH 学園・生活部・放送局 Vol.2', 'gakkou02.jpg', 'がっこうぐらし！', 12, 3300, 3, 'TVアニメ「がっこうぐらし! 」のラジオ番組「こちらGSH 学園・生活部・放送局」のラジオCDVol.2が発売です!\r\nパーソナリティの水瀬さんと小澤さんがスタッフにムチャ振りしたり、ミニゲームにチャレンジしたりしながら、学園・生活部・放送局から「がっこうぐらし! 」の情報をお届けしています!\r\n\r\n学園生活部の4人で、新規録りおろしラジオを収録! !\r\n水瀬さん、小澤さんの「こちらGSH」パーソナリティ卒業式を行います! 感動すること間違いなし! ?\r\n\r\n\r\n【収録仕様】\r\nCD2枚組\r\nDISC1:', '2022-01-28 01:02:02', '2022-01-28 01:02:02'),
(24, '【キャラクターソング】TV がっこうぐらし! キャラクターソング1', 'gakkou03.jpg', 'がっこうぐらし！', 12, 1320, 5, 'TVアニメ「がっこうぐらし!」キャラクターソング1\r\n丈槍由紀(CV.水瀬いのり)&amp;直樹美紀(CV.高橋李依)/ピンクのハートボール\r\n\r\n話題のTVアニメ「がっこうぐらし!」キャラクターソングが登場!\r\n第一弾は由紀&amp;美紀によるデュエットソング、カップリングには由紀のソロ作品を収録。\r\n\r\n1.ピンクのハートボール&lt;由紀&amp;美紀&gt;\r\n作詞:深川琴美 作曲:渡辺 翔 編曲:佐々木裕\r\n2.空に私のサンシャイン&lt;由紀&gt;\r\n作詞:深川琴美 作曲:白林剛史 編曲:佐', '2022-01-28 01:03:43', '2022-01-28 01:03:43'),
(25, '【キャラクターソング】TV がっこうぐらし! キャラクターソング2', 'gakkou04.jpg', 'がっこうぐらし！', 12, 1320, 2, 'TVアニメ「がっこうぐらし!」キャラクターソング2\r\n恵飛須沢胡桃(CV.小澤亜李)&amp;若狭悠里(CV.M・A・O)/HERO\r\n\r\n話題のTVアニメ「がっこうぐらし!」キャラクターソングが登場!\r\n第二弾は胡桃&amp;悠里によるデュエットソング、カップリングには胡桃のソロ作品を収録。\r\n\r\n1.HERO&lt;胡桃&amp;悠里&gt;\r\n作詞:春和 文 作曲:ヤナガワタカオ 編曲:前口 渉\r\n2.RUN&amp;RUN&lt;胡桃&gt;\r\n作詞:春和 文 作曲:森 浩太 編曲:前口 渉\r\n3', '2022-01-28 01:05:12', '2022-01-28 01:05:12'),
(26, '【キャラクターソング】TV がっこうぐらし! キャラクターソング3', 'gakkou05.jpg', 'がっこうぐらし！', 12, 1320, 2, '話題のTVアニメ「がっこうぐらし!」キャラクターソングが登場!\r\n第三弾は悠里&amp;由紀によるデュエットソング、カップリングには悠里のソロ作品を収録。\r\n\r\n1.Yummy Yappy Recipe &lt;悠里&amp;由紀&gt;\r\n作詞:深川琴美 作曲・編曲:佐々木裕\r\n2.SWEET VIOLET&lt;悠里&gt;\r\n作詞:深川琴美 作曲:川口 綾 編曲:佐々木裕\r\n3.Yummy Yappy Recipe[Instrumental]\r\n4.SWEET VIOLET[Instrumental', '2022-01-28 01:06:01', '2022-01-28 01:06:01'),
(27, '「がっこうぐらし！」マイクロファイバーハンドタオル', 'gakkou06.jpg', 'がっこうぐらし！', 8, 660, 10, 'ＴＯＫＹＯ　ＭＸ、ＢＳ１１他にて大好評放送中!!\r\n話題沸騰のＴＶアニメ「がっこうぐらし！」より、\r\n学園生活部４人のビジュアルがデザインされたハンドタオルが登場です!!\r\n\r\n手触りの良いマイクロファイバー生地を使用しています。', '2022-01-28 01:07:17', '2022-01-28 01:07:17'),
(28, '「がっこうぐらし！」ラバーストラップ コレクションボックス', 'gakkou07.jpg', 'がっこうぐらし！', 2, 605, 30, 'ＴＯＫＹＯ　ＭＸ、ＢＳ１１他にて大好評放送中!!\r\nＴＶアニメ「がっこうぐらし！」より、キュートな\r\nラバーストラップが登場です!!\r\n\r\nラインナップは１．ゆき、２．くるみ、３．りーさん、\r\n４．みーくん、５．めぐねえの全５種!!\r\n※ブラインドボックス仕様です。', '2022-01-28 01:08:27', '2022-01-28 01:08:27'),
(29, 'TVアニメ「がっこうぐらし！」ダイカットＢＩＧステッカー', 'gakkou08.jpg', 'がっこうぐらし！', 12, 715, 40, 'TVアニメ「がっこうぐらし！」より、ダイカットBIGステッカーが登場です！！(1)ゆき＆太郎丸、(2)くるみ、(3)りーさん、(4)みーくん、(5)めぐねえの全5種のラインナップ(各別売り)で、サイズは約15cmとビッグサイズ！！', '2022-01-28 01:09:41', '2022-01-28 01:09:41'),
(30, 'TVアニメ「がっこうぐらし！」クリアファイル', 'gakkou09.jpg', 'がっこうぐらし！', 7, 385, 7, 'ＴＯＫＹＯ　ＭＸ、ＢＳ１１他にて大好評放送中!!\r\nTVアニメ「がっこうぐらし！」より、クリアファイルが登場です!!\r\n\r\n使いやすいＡ４サイズで、絵柄はキービジュアル３種とゆき、くるみ、りーさん、みーくん４人の立ち絵を使用した全４種!!', '2022-01-28 01:11:33', '2022-01-28 01:11:33'),
(31, 'TVアニメ「がっこうぐらし！」 【丈槍 由紀(ゆき)】　フィギュア', 'gakkou10.jpg', 'がっこうぐらし！', 3, 11000, 3, '2015年夏にTVアニメ化し、一大ムーブメントを起こした『がっこうぐらし!』\r\n(「まんがタイムきららフォワード(芳文社)」にて連載。\r\n原作:海法紀光(ニトロプラス)、作画:千葉サドル)から、\r\n主人公『丈槍 由紀(ゆき)』が登場です!\r\nキービジュアルイラストを元に、いつでも元気いっぱいなゆきを完全再現!\r\n羽の生えた鞄、揺れるペッドボトルホルダー…細部まで拘った造形により、\r\n躍動感のある姿となっている!\r\n足を上げる事によりはらりとなびくスカート、ひらひらとした独特の袖・靴下、\r\n揺れるリボンがゆ', '2022-01-28 01:12:33', '2022-01-28 01:12:33'),
(32, '【グッズ-湯のみ】ご注文はうさぎですか? BLOOM 湯のみ', 'usa01.jpg', 'ご注文はうさぎですか?', 10, 1650, 6, 'サイズ：約H105mm φ81mm\r\n素材：ニュ－ボン', '2022-01-28 01:19:28', '2022-01-28 01:19:28'),
(33, '【グッズ-ストラップ】ご注文はうさぎですか? BLOOM トレーディング木札ストラップ', 'usa02.jpg', 'ご注文はうさぎですか?', 2, 660, 30, 'サイズ：約60mm\r\n素材：MDF\r\n※ボールチェーン付き\r\n\r\n全7種（1BOX　7個入り）\r\n※BOX販売商品になります。', '2022-01-28 01:20:36', '2022-01-28 01:20:36'),
(34, '【グッズ-タオル】ご注文はうさぎですか？ BLOOM NordiQ ブランケット', 'usa03.jpg', 'ご注文はうさぎですか?', 8, 4378, 4, 'サイズ：（約）縦70cm×横100cm\r\n素材：ポリエステル100％', '2022-01-28 01:21:31', '2022-01-28 01:21:31'),
(35, '【グッズ-マグカップ】ご注文はうさぎですか? BLOOM ココア・チノ 二層ステンレスマグカップ', 'usa04.jpg', 'ご注文はうさぎですか?', 10, 2640, 4, 'ココア＆チノの保冷保温効果が高いステンレスマグカップ\r\n\r\n・国内産の二層式ステンレスマグカップ。\r\n・冷たいものはぬるくなりにくく、温かいものは冷めにくいのが特徴（外側も熱くなりすぎません）。\r\n・世界最高峰レベルのステンレス加工技術を誇る、新潟県燕市製。\r\n・アウトドアでの使用に最適。\r\n\r\n【ご注意】\r\n・破裂の恐れがあるため、直火にかけないでください。\r\n・研磨付きタワシ・クレンザーのご使用は本体やプリント部分を傷つけます。\r\n・食器洗浄機使用不可。\r\n・電子レンジ使用不可。', '2022-01-28 01:22:47', '2022-01-28 01:22:47'),
(36, '【グッズ-ストラップ】ご注文はうさぎですか？ BLOOM ラバーストラップコレクション/アパレルショップ', 'usa05.jpg', 'ご注文はうさぎですか?', 2, 660, 32, '「with ティッピー」と題して送る新規描き起こしイラストを使用したラバーストラップ。いろいろなところに隠れているティッピーを探してみて！\r\n\r\nサイズ：W6cm×H6cm以内　※キャラクターによってサイズは異なります。\r\n仕様：PVC製／色入れ\r\n\r\n1BOX8パック入り\r\n※BOX販売のみになります。\r\n※1BOXで全種類が揃わない場合もあります。予めご了承ください。', '2022-01-28 01:24:03', '2022-01-28 01:24:03'),
(37, '【グッズ-ポーチ】ご注文はうさぎですか？？　ポーチvol.2　A', 'usa06.jpg', 'ご注文はうさぎですか?', 1, 1540, 4, 'サイズ：W205×H125×D40mm\r\n素材：ピーチスキン 等', '2022-01-28 01:25:05', '2022-01-28 01:25:05'),
(38, '【グッズ-ポーチ】ご注文はうさぎですか？？　ポーチvol.2　B', 'usa07.jpg', 'ご注文はうさぎですか?', 1, 1540, 3, 'サイズ：W205×H125×D40mm\r\n素材：ピーチスキン 等', '2022-01-28 01:25:58', '2022-01-28 01:25:58'),
(39, '【グッズ-帽子】ご注文はうさぎですか？ BLOOM ラビットハウス 刺繍フラットバイザー', 'usa08.jpg', 'ご注文はうさぎですか?', 8, 4070, 1, 'サイズ：頭回り58～60cm\r\n素材：ポリエステル100％\r\n\r\n※サイズ交換は出来ませんので予めご了承ください。', '2022-01-28 01:26:57', '2022-01-28 01:26:57'),
(40, '【グッズ-バッチ】ご注文はうさぎですか？ BLOOM アクリルバッジコレクション', 'usa09.jpg', 'ご注文はうさぎですか?', 5, 715, 20, 'サイズ：約50mm\r\n素材：アクリル\r\n※バッジパーツ付き\r\n\r\n全7種（1BOX　7個入り）\r\n※BOX販売商品になります。', '2022-01-28 01:28:03', '2022-01-28 01:28:03'),
(41, '【グッズ-バッチ】ご注文はうさぎですか？ BLOOM キャラアクリルバッジ 01 ブラインド', 'usa10.jpg', 'ご注文はうさぎですか?', 5, 550, 37, 'サイズ：53×53mm\r\n素材：アクリル、金属\r\n\r\n全7種(1BOX 7パック入り)\r\n※BOX販売商品になります。', '2022-01-28 01:29:07', '2022-01-28 01:29:07'),
(42, '【グッズ-スタンドポップ】まちカドまぞく ブロックカレンダー こよみるBLOCK', 'mati01.jpg', 'まちカドまぞく', 12, 3520, 5, '誕生日が見て分かるキャラクターブロックカレンダー「こよみるBLOCK」のまちカドまぞくバージョンです。\r\n\r\n内容\r\n　ブロックカレンダー（イラストブロック付き）\r\n　アクリルプレート\r\n　パッケージ台紙（誕生日リスト付き）\r\n\r\nサイズ\r\n　本体　115×120×30mm (ABS樹脂)\r\n　アクリルプレート　74×45mm', '2022-01-28 01:40:02', '2022-01-28 01:40:02'),
(43, '【グッズ-ボード】まちカドまぞく 千代田桃キャンバスアート', 'mati02.jpg', 'まちカドまぞく', 12, 4950, 2, 'サイズ：H約273mm×W約220mm', '2022-01-28 01:42:31', '2022-01-28 01:42:31'),
(44, '【グッズ-カバーホルダー】まちカドまぞく フリップスマートフォンカバー', 'mati03.jpg', 'まちカドまぞく', 12, 3850, 4, 'サイズ：約W88×H159×D18（mm）\r\n素材：合皮', '2022-01-28 01:43:53', '2022-01-28 01:43:53'),
(45, '【グッズ-バッチ】まちカドまぞく デフォルメ缶バッジコレクション', 'mati04.jpg', 'まちカドまぞく', 5, 440, 30, 'サイズ：約56mmф\r\n素材：スチール、金属\r\n\r\n全8種（1BOX　8個入り）\r\n※BOX販売商品になります。\r\n※1BOXのご購入で全種揃います。', '2022-01-28 01:44:46', '2022-01-28 01:44:46'),
(46, '【グッズ-タオル】まちカドまぞく ミニタオル', 'mati05.jpg', 'まちカドまぞく', 8, 990, 3, 'サイズ：約200mm×200mm\r\n仕様：ポリエステル100%、フルカラー昇華転写、裏面：綿、周囲メロウ加工', '2022-01-28 01:45:36', '2022-01-28 01:45:36'),
(47, '【グッズ-小銭入れ】まちカドまぞく レザーコインケースA[シャミ子]', 'mati06.jpg', 'まちカドまぞく', 1, 1650, 4, 'サイズ：90×90×20（mm)\r\n素材：合皮', '2022-01-28 01:46:27', '2022-01-28 01:46:27'),
(48, '【グッズ-小銭入れ】まちカドまぞく レザーコインケースB[桃]', 'mati07.jpg', 'まちカドまぞく', 1, 1650, 2, 'サイズ：90×90×20（mm)\r\n素材：合皮', '2022-01-28 01:47:08', '2022-01-28 01:47:08'),
(49, '【グッズ-マグカップ】まちカドまぞく あにまるっこマグカップ', 'mati08.jpg', 'まちカドまぞく', 10, 1100, 4, '『まちカドまぞく』の「あにまるっこマグカップ」！\r\nあにまるっこ姿の優子（シャミ子）と桃がマグカップになって登場です！\r\n優子（シャミ子）は羊、桃はウサギの着ぐるみ姿です。\r\n飲み物を注いでも良し、インテリアとしてお部屋に飾っても良しのおすすめアイテムです。', '2022-01-28 01:48:06', '2022-01-28 01:48:06'),
(50, '【グッズ-タペストリー】まちカドまぞく B2タペストリー (シャドウミストレス優子&amp;桃)', 'mati09.jpg', 'まちカドまぞく', 12, 3850, 6, 'TVアニメ「まちカドまぞく」より、シャミ子と桃が仲良く並んだイラストを使用したB2タペストリーが登場！', '2022-01-28 01:49:09', '2022-01-28 01:49:09'),
(51, '【グッズ-タペストリー】まちカドまぞく ほぼ等身大タペストリー/桃', 'mati10.jpg', 'まちカドまぞく', 12, 9900, 5, 'セット内容：タペストリー、塩ビパイプ×2本、下げ紐\r\nサイズ：縦 約180×横 約70cm\r\n素材：ポリエステル100％', '2022-01-28 01:49:56', '2022-01-28 01:49:56'),
(52, '【グッズ-タペストリー】ブレンド・S B2タペストリー 彼シャツver. 桜ノ宮 苺香', 'bre01.jpg', 'ブレンド・S', 12, 3300, 2, 'サイズ：約73×52cm\r\n素材：スエード', '2022-01-28 01:58:37', '2022-01-28 01:58:37'),
(53, '【グッズ-タペストリー】ブレンド・S B2タペストリー 彼シャツver. 日向 夏帆', 'bre02.jpg', 'ブレンド・S', 12, 3300, 1, 'サイズ：約73×52cm\r\n素材：スエード', '2022-01-28 01:59:17', '2022-01-28 01:59:17'),
(54, '【グッズ-タペストリー】ブレンド・S B2タペストリー 彼シャツver. 星川 麻冬', 'bre03.jpg', 'ブレンド・S', 12, 3300, 4, 'サイズ：約73×52cm\r\n素材：スエード', '2022-01-28 02:00:02', '2022-01-28 02:00:02'),
(55, '【グッズ-スタンドポップ】ブレンド・S デカアクリルスタンド 彼シャツver. 桜ノ宮 苺香', 'bre04.jpg', 'ブレンド・S', 12, 1980, 3, 'サイズ：約H185mm×W137mm\r\n素材：アクリル\r\n\r\n※キャラクターによりサイズは多少異なります\r\n※ボールチェーン、土台付き', '2022-01-28 02:01:06', '2022-01-28 02:01:06'),
(56, '【グッズ-スタンドポップ】ブレンド・S デカアクリルスタンド 彼シャツver. 日向 夏帆', 'bre05.jpg', 'ブレンド・S', 12, 1980, 2, 'サイズ：約H185mm×W137mm\r\n素材：アクリル\r\n\r\n※キャラクターによりサイズは多少異なります\r\n※ボールチェーン、土台付き', '2022-01-28 02:01:53', '2022-01-28 02:01:53'),
(57, '【グッズ-スタンドポップ】ブレンド・S デカアクリルスタンド 彼シャツver. 星川 麻冬', 'bre06.jpg', 'ブレンド・S', 12, 1980, 2, 'サイズ：約H185mm×W137mm\r\n素材：アクリル\r\n\r\n※キャラクターによりサイズは多少異なります\r\n※ボールチェーン、土台付き', '2022-01-28 02:02:35', '2022-01-28 02:02:35'),
(58, 'ブレンド・S　マグカップ', 'bre08.jpg', 'ブレンド・S', 10, 1650, 5, '■サイズ：H95mm Φ82mm\r\n■素材：陶器（ストーンウェア）\r\n\r\n\r\nTVアニメ「ブレンド・S」から、新規描き起こしSDイラストを使用したプリントマグカップが登場です。\r\n日常使いに、また観賞用としてお楽しみください。', '2022-01-28 02:06:49', '2022-01-28 02:06:49'),
(59, 'ブレンド・S アクリルキーホルダー 桜ノ宮苺香／日向夏帆／星川麻冬／天野美雨／神崎ひでり', 'bre09.jpg', 'ブレンド・S', 4, 660, 20, 'TVアニメ『ブレンド・S』より、アクリルキーホルダーが登場です！\r\n\r\nサイズ：縦約70mm×横約64mm\r\n素材：アクリル、メタルパーツ\r\n\r\n※イラストと実際の商品は多少異なる場合がございます。予めご了承ください。', '2022-01-28 02:09:31', '2022-01-28 02:09:31'),
(60, 'ブレンド・S B2タペストリー', 'bre10.jpg', 'ブレンド・S', 12, 3300, 3, 'TVアニメ『ブレンド・S』から、B2サイズのタペストリーが登場！\r\n壁などに飾ってお楽しみ下さい！\r\n\r\n※イラストと実際の商品は多少異なる場合がございます。\r\n\r\n■素材：ポリエステルスエード\r\n■サイズ：縦約515mm×横約728mm（B2サイズ）\r\n■パイプ・紐付き', '2022-01-28 02:11:02', '2022-01-28 02:11:02'),
(61, 'スティーレヒロイン メニューTシャツ', 'bre07.jpg', 'ブレンド・S', 8, 3190, 8, 'スティーレのヒロインたちをメニュー風にデザイン！\r\nいろんな「属性」が楽しめる！？\r\n\r\nサイズ目安\r\nXLサイズ\r\n（約）着丈77cm / 身幅58cm / 袖丈24cm / 綿100％  \r\nLサイズ\r\n（約）着丈73cm / 身幅55cm / 袖丈22cm / 綿100％  \r\nMサイズ\r\n（約）着丈69cm / 身幅52cm / 袖丈20cm / 綿100％  \r\nSサイズ\r\n（約）着丈65cm / 身幅49cm / 袖丈19cm / 綿100％', '2022-01-28 02:13:59', '2022-01-28 02:13:59'),
(62, 'Aチャンネル　コミックス1', 'Aチャンネルコミックス1.jpg', 'Aチャンネル', 11, 900, 40, '　', '2022-01-28 02:17:56', '2022-01-28 02:17:56'),
(63, 'Aチャンネル　コミックス2', 'Aチャンネルコミックス2.jpg', 'Aチャンネル', 11, 900, 20, '　', '2022-01-28 02:19:52', '2022-01-28 02:19:52'),
(64, 'Aチャンネル　コミックス3', 'Aチャンネルコミックス3.jpg', 'Aチャンネル', 11, 900, 20, '　', '2022-01-28 02:20:44', '2022-01-28 02:20:44'),
(65, 'Aチャンネル　コミックス4', 'Aチャンネルコミックス4.jpg', 'Aチャンネル', 11, 900, 19, '　', '2022-01-28 02:21:13', '2022-01-28 02:21:13'),
(66, 'Aチャンネル　コミックス5', 'Aチャンネルコミックス5.jpg', 'Aチャンネル', 11, 900, 14, '　', '2022-01-28 02:21:50', '2022-01-28 02:21:50'),
(67, 'Aチャンネル　コミックス6', 'Aチャンネルコミックス6.jpg', 'Aチャンネル', 11, 900, 12, '　', '2022-01-28 02:22:18', '2022-01-28 02:22:18'),
(68, 'Aチャンネル　コミックス7', 'Aチャンネルコミックス7.jpg', 'Aチャンネル', 11, 900, 20, '　', '2022-01-28 02:23:44', '2022-01-28 02:23:44'),
(69, 'Aチャンネル　コミックス8', 'Aチャンネルコミックス8.jpg', 'Aチャンネル', 11, 900, 10, '　', '2022-01-28 02:24:15', '2022-01-28 02:24:15'),
(70, 'Aチャンネル　コミックス9', 'Aチャンネルコミックス9.jpg', 'Aチャンネル', 11, 900, 8, '　', '2022-01-28 02:24:43', '2022-01-28 02:24:43'),
(71, 'Aチャンネル　コミックス10', 'Aチャンネルコミックス10.jpg', 'Aチャンネル', 11, 935, 21, '　', '2022-01-28 02:25:18', '2022-01-28 02:25:18'),
(72, 'Aチャンネル　コミックス11', 'Aチャンネルコミックス11.jpg', 'Aチャンネル', 11, 935, 18, '　', '2022-01-28 02:25:46', '2022-01-28 02:25:46'),
(73, 'GA芸術科アートデザインクラス　コミックス1', 'GA芸術科アートデザインクラスコミックス1.jpg', 'GA芸術科アートデザインクラス', 11, 901, 10, '　', '2022-01-28 02:28:49', '2022-01-28 02:28:49'),
(74, 'GA芸術科アートデザインクラス　コミックス2', 'GA芸術科アートデザインクラスコミックス2.jpg', 'GA芸術科アートデザインクラス', 11, 901, 13, '　', '2022-01-28 02:29:25', '2022-01-28 02:29:25'),
(75, 'GA芸術科アートデザインクラス　コミックス3', 'GA芸術科アートデザインクラスコミックス3.jpg', 'GA芸術科アートデザインクラス', 11, 901, 12, '　', '2022-01-28 02:30:08', '2022-01-28 02:30:08'),
(76, 'GA芸術科アートデザインクラス　コミックス4', 'GA芸術科アートデザインクラスコミックス4.jpg', 'GA芸術科アートデザインクラス', 11, 901, 5, '　', '2022-01-28 02:30:41', '2022-01-28 02:30:41'),
(77, 'GA芸術科アートデザインクラス　コミックス5', 'GA芸術科アートデザインクラスコミックス5.jpg', 'GA芸術科アートデザインクラス', 11, 901, 5, '　', '2022-01-28 02:31:08', '2022-01-28 02:31:08'),
(78, 'GA芸術科アートデザインクラス　コミックス6', 'GA芸術科アートデザインクラスコミックス6.jpg', 'GA芸術科アートデザインクラス', 11, 901, 18, '　', '2022-01-28 02:31:34', '2022-01-28 02:31:34'),
(79, 'GA芸術科アートデザインクラス　コミックス7', 'GA芸術科アートデザインクラスコミックス7.jpg', 'GA芸術科アートデザインクラス', 11, 901, 4, '　', '2022-01-28 02:32:02', '2022-01-28 02:32:02'),
(80, 'NEWGAME! コミックス1', 'NEWGAMEコミックス1.jpg', 'NEW GAME!!', 11, 900, 8, '　', '2022-01-28 02:33:12', '2022-01-28 02:33:12'),
(81, 'NEWGAME! コミックス2', 'NEWGAMEコミックス2.jpg', 'NEW GAME!!', 11, 900, 5, '　', '2022-01-28 02:33:37', '2022-01-28 02:33:37'),
(82, 'NEWGAME! コミックス3', 'NEWGAMEコミックス3.jpg', 'NEW GAME!!', 11, 900, 8, '　', '2022-01-28 02:34:01', '2022-01-28 02:34:01'),
(83, 'NEWGAME! コミックス4', 'NEWGAMEコミックス4.jpg', 'NEW GAME!!', 11, 900, 14, '　', '2022-01-28 02:34:32', '2022-01-28 02:34:32'),
(84, 'NEWGAME! コミックス5', 'NEWGAMEコミックス5.jpg', 'NEW GAME!!', 11, 900, 17, '　', '2022-01-28 02:35:00', '2022-01-28 02:35:00'),
(85, 'NEWGAME! コミックス6', 'NEWGAMEコミックス6.jpg', 'NEW GAME!!', 11, 900, 8, '　', '2022-01-28 02:35:25', '2022-01-28 02:35:25'),
(86, 'NEWGAME! コミックス7', 'NEWGAMEコミックス7.jpg', 'NEW GAME!!', 11, 900, 5, '　', '2022-01-28 02:35:50', '2022-01-28 02:35:50'),
(87, 'NEWGAME! コミックス8', 'NEWGAMEコミックス8.jpg', 'NEW GAME!!', 11, 900, 7, '　', '2022-01-28 02:36:20', '2022-01-28 02:36:20'),
(88, 'NEWGAME! コミックス9', 'NEWGAMEコミックス9.jpg', 'NEW GAME!!', 11, 935, 14, '　', '2022-01-28 02:36:56', '2022-01-28 02:36:56'),
(89, 'NEWGAME! コミックス10', 'NEWGAMEコミックス10.jpg', 'NEW GAME!!', 11, 935, 14, '　', '2022-01-28 02:37:30', '2022-01-28 02:37:30'),
(90, 'NEWGAME! コミックス11', 'NEWGAMEコミックス11.jpg', 'NEW GAME!!', 11, 935, 5, '　', '2022-01-28 02:38:09', '2022-01-28 02:38:09'),
(91, 'NEWGAME! コミックス12', 'NEWGAMEコミックス12.jpg', 'NEW GAME!!', 11, 935, 3, '　', '2022-01-28 02:38:41', '2022-01-28 02:38:41'),
(92, 'NEWGAME! コミックス13', 'NEWGAMEコミックス13.jpg', 'NEW GAME!!', 11, 935, 7, '　', '2022-01-28 02:39:07', '2022-01-28 02:39:07'),
(93, 'あっちこっち　コミックス1', 'あっちこっちコミックス1.jpg', 'あっちこっち', 11, 900, 4, '　', '2022-01-28 02:42:13', '2022-01-28 02:42:13'),
(94, 'あっちこっち　コミックス2', 'あっちこっちコミックス2.jpg', 'あっちこっち', 11, 900, 4, '　', '2022-01-28 02:42:52', '2022-01-28 02:42:52'),
(95, 'あっちこっち　コミックス3', 'あっちこっちコミックス3.jpg', 'あっちこっち', 11, 900, 7, '　', '2022-01-28 02:43:19', '2022-01-28 02:43:19'),
(96, 'あっちこっち　コミックス4', 'あっちこっちコミックス4.jpg', 'あっちこっち', 11, 900, 4, '　', '2022-01-28 02:43:46', '2022-01-28 02:43:46'),
(97, 'あっちこっち　コミックス5', 'あっちこっちコミックス5.jpg', 'あっちこっち', 11, 900, 4, '　', '2022-01-28 02:44:21', '2022-01-28 02:44:21'),
(98, 'あっちこっち　コミックス6', 'あっちこっちコミックス6.jpg', 'あっちこっち', 11, 900, 3, '　', '2022-01-28 02:44:49', '2022-01-28 02:44:49'),
(99, 'あっちこっち　コミックス7', 'あっちこっちコミックス7.jpg', 'あっちこっち', 11, 900, 4, '　', '2022-01-28 02:45:16', '2022-01-28 02:45:16'),
(100, 'あっちこっち　コミックス8', 'あっちこっちコミックス8.jpg', 'あっちこっち', 11, 935, 3, '　', '2022-01-28 02:45:49', '2022-01-28 02:45:49'),
(101, 'アニマエール!　コミックス1', 'アニマエール!コミックス1.jpg', 'アニマエール!', 11, 900, 8, '　', '2022-01-28 02:48:18', '2022-01-28 02:48:18'),
(102, 'アニマエール!　コミックス2', 'アニマエール!コミックス2.jpg', 'アニマエール!', 11, 900, 2, '　', '2022-01-28 02:48:46', '2022-01-28 02:48:46'),
(103, 'アニマエール!　コミックス3', 'アニマエール!コミックス3.jpg', 'アニマエール!', 11, 900, 9, '　', '2022-01-28 02:49:13', '2022-01-28 02:49:13'),
(104, 'アニマエール!　コミックス4', 'アニマエール!コミックス4.jpg', 'アニマエール!', 11, 935, 4, '　', '2022-01-28 02:49:51', '2022-01-28 02:49:51'),
(105, 'アニマエール!　コミックス5', 'アニマエール!コミックス5.jpg', 'アニマエール!', 11, 935, 5, '　', '2022-01-28 02:50:18', '2022-01-28 02:50:18'),
(106, 'あんハピ♪　コミックス1', 'あんハピ♪コミックス1.jpg', 'あんハピ♪', 11, 649, 3, '　', '2022-01-28 02:51:17', '2022-01-28 02:51:17'),
(107, 'あんハピ♪　コミックス2', 'あんハピ♪コミックス2.jpg', 'あんハピ♪', 10, 649, 5, '　', '2022-01-28 02:51:51', '2022-01-28 02:51:51'),
(108, 'あんハピ♪　コミックス3', 'あんハピ♪コミックス3.jpg', 'あんハピ♪', 11, 649, 2, '　', '2022-01-28 02:52:16', '2022-01-28 02:52:16'),
(109, 'あんハピ♪　コミックス4', 'あんハピ♪コミックス4.jpg', 'あんハピ♪', 11, 649, 2, '　', '2022-01-28 02:52:41', '2022-01-28 02:52:41'),
(110, 'あんハピ♪　コミックス5', 'あんハピ♪コミックス5.jpg', 'あんハピ♪', 11, 649, 7, '　', '2022-01-28 02:53:05', '2022-01-28 02:53:05'),
(111, 'あんハピ♪　コミックス6', 'あんハピ♪コミックス6.jpg', 'あんハピ♪', 11, 649, 3, '　', '2022-01-28 02:53:31', '2022-01-28 02:53:31'),
(112, 'あんハピ♪　コミックス7', 'あんハピ♪コミックス7.jpg', 'あんハピ♪', 11, 649, 4, '　', '2022-01-28 02:53:56', '2022-01-28 02:53:56'),
(113, 'あんハピ♪　コミックス7', 'あんハピ♪コミックス7.jpg', 'あんハピ♪', 11, 649, 1, '　', '2022-01-28 02:54:26', '2022-01-28 02:54:26'),
(114, 'あんハピ♪　コミックス8', 'あんハピ♪コミックス8.jpg', 'あんハピ♪', 11, 649, 12, '　', '2022-01-28 02:54:58', '2022-01-28 02:54:58'),
(115, 'あんハピ♪　コミックス9', 'あんハピ♪コミックス9.jpg', 'あんハピ♪', 11, 649, 2, '　', '2022-01-28 02:55:36', '2022-01-28 02:55:36'),
(116, 'あんハピ♪　コミックス10', 'あんハピ♪コミックス10.jpg', 'あんハピ♪', 11, 649, 9, '　', '2022-01-28 02:56:00', '2022-01-28 02:56:00'),
(117, 'うらら迷路帖　コミックス1', 'うらら迷路帖コミックス1.jpg', 'うらら迷路帖', 11, 900, 6, '　', '2022-01-28 02:58:22', '2022-01-28 02:58:22'),
(118, 'うらら迷路帖　コミックス2', 'うらら迷路帖コミックス2.jpg', 'うらら迷路帖', 11, 900, 4, '　', '2022-01-28 02:58:48', '2022-01-28 02:58:48'),
(119, 'うらら迷路帖　コミックス3', 'うらら迷路帖コミックス3.jpg', 'うらら迷路帖', 11, 900, 5, '　', '2022-01-28 02:59:11', '2022-01-28 02:59:11'),
(120, 'うらら迷路帖　コミックス4', 'うらら迷路帖コミックス4.jpg', 'うらら迷路帖', 11, 900, 3, '　', '2022-01-28 02:59:39', '2022-01-28 02:59:39'),
(121, 'うらら迷路帖　コミックス5', 'うらら迷路帖コミックス5.jpg', 'うらら迷路帖', 10, 900, 4, '　', '2022-01-28 03:00:06', '2022-01-28 03:00:06'),
(122, 'うらら迷路帖　コミックス6', 'うらら迷路帖コミックス6.jpg', 'うらら迷路帖', 11, 900, 5, '　', '2022-01-28 03:00:36', '2022-01-28 03:00:36'),
(123, 'うらら迷路帖　コミックス7', 'うらら迷路帖コミックス7.jpg', 'うらら迷路帖', 11, 935, 3, '　', '2022-01-28 03:01:06', '2022-01-28 03:01:06'),
(124, 'おちこぼれフルーツタルト　コミックス1', 'おちこぼれフルーツタルトコミックス1.jpg', 'おちこぼれフルーツタルト', 11, 900, 7, '　', '2022-01-28 03:02:11', '2022-01-28 03:02:11'),
(125, 'おちこぼれフルーツタルト　コミックス2', 'おちこぼれフルーツタルトコミックス2.jpg', 'おちこぼれフルーツタルト', 11, 900, 4, '　', '2022-01-28 03:02:39', '2022-01-28 03:02:39'),
(126, 'おちこぼれフルーツタルト　コミックス3', 'おちこぼれフルーツタルトコミックス3.jpg', 'おちこぼれフルーツタルト', 11, 900, 2, '　', '2022-01-28 03:03:03', '2022-01-28 03:03:03'),
(127, 'おちこぼれフルーツタルト　コミックス3', 'おちこぼれフルーツタルトコミックス3.jpg', 'おちこぼれフルーツタルト', 11, 900, 2, '　', '2022-01-28 03:03:03', '2022-01-28 03:03:03'),
(128, 'おちこぼれフルーツタルト　コミックス4', 'おちこぼれフルーツタルトコミックス4.jpg', 'おちこぼれフルーツタルト', 11, 935, 3, '　', '2022-01-28 03:03:56', '2022-01-28 03:03:56'),
(129, 'おちこぼれフルーツタルト　コミックス5', 'おちこぼれフルーツタルトコミックス5.jpg', 'おちこぼれフルーツタルト', 11, 935, 6, '　', '2022-01-28 03:04:26', '2022-01-28 03:04:26'),
(130, 'がっこうぐらし!　コミックス1', 'がっこうぐらしコミックス1.jpg', 'がっこうぐらし！', 11, 649, 7, '　', '2022-01-28 03:05:21', '2022-01-28 03:05:21'),
(131, 'がっこうぐらし!　コミックス2', 'がっこうぐらしコミックス2.jpg', 'がっこうぐらし！', 11, 649, 5, '　', '2022-01-28 03:05:48', '2022-01-28 03:05:48'),
(132, 'がっこうぐらし!　コミックス3', 'がっこうぐらしコミックス3.jpg', 'がっこうぐらし！', 11, 649, 4, '　', '2022-01-28 03:06:16', '2022-01-28 03:06:16'),
(133, 'がっこうぐらし!　コミックス4', 'がっこうぐらしコミックス4.jpg', 'がっこうぐらし！', 11, 649, 5, '　', '2022-01-28 03:06:49', '2022-01-28 03:06:49'),
(134, 'がっこうぐらし!　コミックス5', 'がっこうぐらしコミックス5.jpg', 'がっこうぐらし！', 11, 649, 3, '　', '2022-01-28 03:07:17', '2022-01-28 03:07:17'),
(135, 'がっこうぐらし!　コミックス6', 'がっこうぐらしコミックス6.jpg', 'がっこうぐらし！', 11, 649, 2, '　', '2022-01-28 03:07:42', '2022-01-28 03:07:42'),
(136, 'がっこうぐらし!　コミックス7', 'がっこうぐらしコミックス7.jpg', 'がっこうぐらし！', 11, 649, 10, '　', '2022-01-28 03:08:06', '2022-01-28 03:08:06'),
(137, 'がっこうぐらし!　コミックス8', 'がっこうぐらしコミックス8.jpg', 'がっこうぐらし！', 11, 649, 21, '　', '2022-01-28 03:08:33', '2022-01-28 03:08:33'),
(138, 'がっこうぐらし!　コミックス9', 'がっこうぐらしコミックス9.jpg', 'がっこうぐらし！', 11, 649, 2, '　', '2022-01-28 03:08:59', '2022-01-28 03:08:59'),
(139, 'がっこうぐらし!　コミックス10', 'がっこうぐらしコミックス10.jpg', 'がっこうぐらし！', 11, 649, 3, '　', '2022-01-28 03:09:26', '2022-01-28 03:09:26'),
(140, 'がっこうぐらし!　コミックス11', 'がっこうぐらしコミックス11.jpg', 'がっこうぐらし！', 11, 649, 5, '　', '2022-01-28 03:09:51', '2022-01-28 03:09:51'),
(141, 'がっこうぐらし!　コミックス12', 'がっこうぐらしコミックス12.jpg', 'がっこうぐらし！', 11, 770, 7, '　', '2022-01-28 03:10:23', '2022-01-28 03:10:23'),
(142, 'キルミーベイベー　コミックス1', 'キルミーベイベーコミックス1.jpg', 'キルミーベイベー', 11, 900, 4, '　', '2022-01-28 03:12:50', '2022-01-28 03:12:50'),
(143, 'キルミーベイベー　コミックス2', 'キルミーベイベーコミックス2.jpg', 'キルミーベイベー', 11, 900, 2, '　', '2022-01-28 03:13:30', '2022-01-28 03:14:04');

-- --------------------------------------------------------

--
-- テーブルの構造 `users`
--

DROP TABLE IF EXISTS `users`;
CREATE TABLE `users` (
  `id` bigint(20) NOT NULL,
  `name` varchar(255) NOT NULL,
  `email` varchar(255) NOT NULL,
  `password` varchar(255) NOT NULL,
  `created_at` datetime NOT NULL DEFAULT current_timestamp(),
  `updated_at` datetime NOT NULL DEFAULT current_timestamp()
) ENGINE=InnoDB DEFAULT CHARSET=utf8;

--
-- テーブルのデータのダンプ `users`
--

INSERT INTO `users` (`id`, `name`, `email`, `password`, `created_at`, `updated_at`) VALUES
(1, 'admin', 'admin@example.com', '$2y$10$BPYnd4WK9jsy1sSk1pgk3uh3G87GACrDN/FRhSc5Ki4aZuyggqjOi', '2021-10-19 22:10:50', '2021-10-19 22:10:50'),
(2, 'fugafuga', 'fugafuga@fuga.com', '$2y$10$1JbD98IUzwSgQ33.iOhYTeD.tw72n3m0JBVGrcbf1OJwWJKTBtG3G', '2021-11-26 13:36:21', '2022-02-10 09:46:52'),
(3, 'Alice', 'alice@example.com', '$2y$10$oT13o0P6u5Iq27Ku.is/7.fqJ2.qTmi/N9rVnoTA8y5Q5mzs0DCXK', '2022-02-10 10:17:52', '2022-02-10 10:17:52');

--
-- ダンプしたテーブルのインデックス
--

--
-- テーブルのインデックス `animes`
--
ALTER TABLE `animes`
  ADD PRIMARY KEY (`anime_id`);

--
-- テーブルのインデックス `authors`
--
ALTER TABLE `authors`
  ADD PRIMARY KEY (`author_id`);

--
-- テーブルのインデックス `carts`
--
ALTER TABLE `carts`
  ADD PRIMARY KEY (`id`);

--
-- テーブルのインデックス `categories`
--
ALTER TABLE `categories`
  ADD PRIMARY KEY (`category_id`);

--
-- テーブルのインデックス `favorites`
--
ALTER TABLE `favorites`
  ADD PRIMARY KEY (`id`);

--
-- テーブルのインデックス `items`
--
ALTER TABLE `items`
  ADD PRIMARY KEY (`item_id`);

--
-- テーブルのインデックス `users`
--
ALTER TABLE `users`
  ADD PRIMARY KEY (`id`),
  ADD UNIQUE KEY `email` (`email`);

--
-- ダンプしたテーブルの AUTO_INCREMENT
--

--
-- テーブルの AUTO_INCREMENT `animes`
--
ALTER TABLE `animes`
  MODIFY `anime_id` bigint(20) NOT NULL AUTO_INCREMENT, AUTO_INCREMENT=23;

--
-- テーブルの AUTO_INCREMENT `authors`
--
ALTER TABLE `authors`
  MODIFY `author_id` bigint(20) NOT NULL AUTO_INCREMENT, AUTO_INCREMENT=23;

--
-- テーブルの AUTO_INCREMENT `carts`
--
ALTER TABLE `carts`
  MODIFY `id` bigint(20) UNSIGNED NOT NULL AUTO_INCREMENT, AUTO_INCREMENT=49;

--
-- テーブルの AUTO_INCREMENT `categories`
--
ALTER TABLE `categories`
  MODIFY `category_id` bigint(20) NOT NULL AUTO_INCREMENT, AUTO_INCREMENT=13;

--
-- テーブルの AUTO_INCREMENT `favorites`
--
ALTER TABLE `favorites`
  MODIFY `id` bigint(20) NOT NULL AUTO_INCREMENT;

--
-- テーブルの AUTO_INCREMENT `items`
--
ALTER TABLE `items`
  MODIFY `item_id` bigint(20) NOT NULL AUTO_INCREMENT, AUTO_INCREMENT=144;

--
-- テーブルの AUTO_INCREMENT `users`
--
ALTER TABLE `users`
  MODIFY `id` bigint(20) NOT NULL AUTO_INCREMENT, AUTO_INCREMENT=12;
COMMIT;

/*!40101 SET CHARACTER_SET_CLIENT=@OLD_CHARACTER_SET_CLIENT */;
/*!40101 SET CHARACTER_SET_RESULTS=@OLD_CHARACTER_SET_RESULTS */;
/*!40101 SET COLLATION_CONNECTION=@OLD_COLLATION_CONNECTION */;
